-- MySQL Administrator dump 1.4
--
-- ------------------------------------------------------
-- Server version	5.5.16


/*!40101 SET @OLD_CHARACTER_SET_CLIENT=@@CHARACTER_SET_CLIENT */;
/*!40101 SET @OLD_CHARACTER_SET_RESULTS=@@CHARACTER_SET_RESULTS */;
/*!40101 SET @OLD_COLLATION_CONNECTION=@@COLLATION_CONNECTION */;
/*!40101 SET NAMES utf8 */;

/*!40014 SET @OLD_UNIQUE_CHECKS=@@UNIQUE_CHECKS, UNIQUE_CHECKS=0 */;
/*!40014 SET @OLD_FOREIGN_KEY_CHECKS=@@FOREIGN_KEY_CHECKS, FOREIGN_KEY_CHECKS=0 */;
/*!40101 SET @OLD_SQL_MODE=@@SQL_MODE, SQL_MODE='NO_AUTO_VALUE_ON_ZERO' */;


--
-- Create schema imobiletecv4db
--

CREATE DATABASE IF NOT EXISTS imobiletecv4db;
USE imobiletecv4db;

--
-- Definition of table `brand`
--

DROP TABLE IF EXISTS `brand`;
CREATE TABLE `brand` (
  `id` int(11) NOT NULL AUTO_INCREMENT,
  `name` varchar(45) DEFAULT NULL,
  PRIMARY KEY (`id`)
) ENGINE=InnoDB AUTO_INCREMENT=10 DEFAULT CHARSET=latin1;

--
-- Dumping data for table `brand`
--

/*!40000 ALTER TABLE `brand` DISABLE KEYS */;
INSERT INTO `brand` (`id`,`name`) VALUES 
 (1,'Samsung'),
 (2,'Sony'),
 (3,'Apple'),
 (4,'Green Tel'),
 (5,'Nokia'),
 (6,'LG'),
 (7,'Zego'),
 (8,'Motorola'),
 (9,'htc');
/*!40000 ALTER TABLE `brand` ENABLE KEYS */;


--
-- Definition of table `brand_has_supplier`
--

DROP TABLE IF EXISTS `brand_has_supplier`;
CREATE TABLE `brand_has_supplier` (
  `brand_id` int(11) NOT NULL,
  `supplier_id` int(11) NOT NULL,
  PRIMARY KEY (`brand_id`,`supplier_id`),
  KEY `fk_brand_has_supplier_supplier1_idx` (`supplier_id`),
  KEY `fk_brand_has_supplier_brand1_idx` (`brand_id`),
  CONSTRAINT `fk_brand_has_supplier_brand1` FOREIGN KEY (`brand_id`) REFERENCES `brand` (`id`) ON DELETE NO ACTION ON UPDATE NO ACTION,
  CONSTRAINT `fk_brand_has_supplier_supplier1` FOREIGN KEY (`supplier_id`) REFERENCES `supplier` (`id`) ON DELETE NO ACTION ON UPDATE NO ACTION
) ENGINE=InnoDB DEFAULT CHARSET=latin1;

--
-- Dumping data for table `brand_has_supplier`
--

/*!40000 ALTER TABLE `brand_has_supplier` DISABLE KEYS */;
/*!40000 ALTER TABLE `brand_has_supplier` ENABLE KEYS */;


--
-- Definition of table `civilstatus`
--

DROP TABLE IF EXISTS `civilstatus`;
CREATE TABLE `civilstatus` (
  `id` int(11) NOT NULL AUTO_INCREMENT,
  `name` varchar(45) DEFAULT NULL,
  PRIMARY KEY (`id`)
) ENGINE=InnoDB AUTO_INCREMENT=4 DEFAULT CHARSET=latin1;

--
-- Dumping data for table `civilstatus`
--

/*!40000 ALTER TABLE `civilstatus` DISABLE KEYS */;
INSERT INTO `civilstatus` (`id`,`name`) VALUES 
 (1,'Married'),
 (2,'Unmarried'),
 (3,'Divorce');
/*!40000 ALTER TABLE `civilstatus` ENABLE KEYS */;


--
-- Definition of table `designation`
--

DROP TABLE IF EXISTS `designation`;
CREATE TABLE `designation` (
  `id` int(11) NOT NULL AUTO_INCREMENT,
  `name` varchar(45) DEFAULT NULL,
  PRIMARY KEY (`id`)
) ENGINE=InnoDB AUTO_INCREMENT=5 DEFAULT CHARSET=latin1;

--
-- Dumping data for table `designation`
--

/*!40000 ALTER TABLE `designation` DISABLE KEYS */;
INSERT INTO `designation` (`id`,`name`) VALUES 
 (1,'Proprietor'),
 (2,'Manager'),
 (3,'Salesperson'),
 (4,'Phone Technician');
/*!40000 ALTER TABLE `designation` ENABLE KEYS */;


--
-- Definition of table `employee`
--

DROP TABLE IF EXISTS `employee`;
CREATE TABLE `employee` (
  `id` int(11) NOT NULL AUTO_INCREMENT,
  `name` varchar(150) DEFAULT NULL,
  `gender_id` int(11) NOT NULL,
  `civilstatus_id` int(11) NOT NULL,
  `employeecol` varchar(45) DEFAULT NULL,
  `address` text,
  `dob` date DEFAULT NULL,
  `nic` char(10) DEFAULT NULL,
  `mobile` char(10) DEFAULT NULL,
  `land` char(10) DEFAULT NULL,
  `email` varchar(100) DEFAULT NULL,
  `designation_id` int(11) NOT NULL,
  `assigned` date DEFAULT NULL,
  `image` blob,
  `employeestatus_id` int(11) NOT NULL,
  PRIMARY KEY (`id`),
  KEY `fk_employee_gender_idx` (`gender_id`),
  KEY `fk_employee_designation1_idx` (`designation_id`),
  KEY `fk_employee_civilstatus1_idx` (`civilstatus_id`),
  KEY `fk_employee_employeestatus1_idx` (`employeestatus_id`),
  CONSTRAINT `fk_employee_civilstatus1` FOREIGN KEY (`civilstatus_id`) REFERENCES `civilstatus` (`id`) ON DELETE NO ACTION ON UPDATE NO ACTION,
  CONSTRAINT `fk_employee_designation1` FOREIGN KEY (`designation_id`) REFERENCES `designation` (`id`) ON DELETE NO ACTION ON UPDATE NO ACTION,
  CONSTRAINT `fk_employee_employeestatus1` FOREIGN KEY (`employeestatus_id`) REFERENCES `employeestatus` (`id`) ON DELETE NO ACTION ON UPDATE NO ACTION,
  CONSTRAINT `fk_employee_gender` FOREIGN KEY (`gender_id`) REFERENCES `gender` (`id`) ON DELETE NO ACTION ON UPDATE NO ACTION
) ENGINE=InnoDB AUTO_INCREMENT=5 DEFAULT CHARSET=latin1;

--
-- Dumping data for table `employee`
--

/*!40000 ALTER TABLE `employee` DISABLE KEYS */;
INSERT INTO `employee` (`id`,`name`,`gender_id`,`civilstatus_id`,`employeecol`,`address`,`dob`,`nic`,`mobile`,`land`,`email`,`designation_id`,`assigned`,`image`,`employeestatus_id`) VALUES 
 (1,'Suresh',1,2,'1','185, Torington Avenue, Colombo 7','1984-12-15','843501664V','0714317444','0112584417','doc4suresh@gmail.com',2,'2008-01-01',0x89504E470D0A1A0A0000000D49484452000000380000004E0802000000FA9F42950000000970485973000017120000171201679FD25200000A4F6943435050686F746F73686F70204943432070726F66696C65000078DA9D53675453E9163DF7DEF4424B8880944B6F5215082052428B801491262A2109104A8821A1D91551C1114545041BC8A088038E8E808C15512C0C8A0AD807E421A28E83A3888ACAFBE17BA36BD6BCF7E6CDFEB5D73EE7ACF39DB3CF07C0080C9648335135800CA9421E11E083C7C4C6E1E42E40810A2470001008B3642173FD230100F87E3C3C2B22C007BE000178D30B0800C04D9BC0301C87FF0FEA42995C01808401C07491384B08801400407A8E42A600404601809D98265300A0040060CB6362E300502D0060277FE6D300809DF8997B01005B94211501A09100201365884400683B00ACCF568A450058300014664BC43900D82D00304957664800B0B700C0CE100BB200080C00305188852900047B0060C8232378008499001446F2573CF12BAE10E72A00007899B23CB9243945815B082D710757572E1E28CE49172B14366102619A402EC27999193281340FE0F3CC0000A0911511E083F3FD78CE0EAECECE368EB60E5F2DEABF06FF226262E3FEE5CFAB70400000E1747ED1FE2C2FB31A803B06806DFEA225EE04685E0BA075F78B66B20F40B500A0E9DA57F370F87E3C3C45A190B9D9D9E5E4E4D84AC4425B61CA577DFE67C25FC057FD6CF97E3CFCF7F5E0BEE22481325D814704F8E0C2CCF44CA51CCF92098462DCE68F47FCB70BFFFC1DD322C44962B9582A14E35112718E449A8CF332A52289429229C525D2FF64E2DF2CFB033EDF3500B06A3E017B912DA85D6303F64B27105874C0E2F70000F2BB6FC1D4280803806883E1CF77FFEF3FFD47A02500806649927100005E44242E54CAB33FC708000044A0812AB0411BF4C1182CC0061CC105DCC10BFC6036844224C4C24210420A64801C726029AC82422886CDB01D2A602FD4401D34C051688693700E2EC255B80E3D700FFA61089EC128BC81090441C808136121DA8801628A58238E08179985F821C14804128B2420C9881451224B91354831528A542055481DF23D720239875C46BA913BC8003282FC86BC47319481B2513DD40CB543B9A8371A8446A20BD06474319A8F16A09BD072B41A3D8C36A1E7D0AB680FDA8F3E43C730C0E8180733C46C302EC6C342B1382C099363CBB122AC0CABC61AB056AC03BB89F563CFB17704128145C0093604774220611E4148584C584ED848A8201C243411DA093709038451C2272293A84BB426BA11F9C4186232318758482C23D6128F132F107B8843C437241289433227B9900249B1A454D212D246D26E5223E92CA99B34481A2393C9DA646BB20739942C202BC885E49DE4C3E433E41BE421F25B0A9D624071A4F853E22852CA6A4A19E510E534E5066598324155A39A52DDA8A15411358F5A42ADA1B652AF5187A81334759A39CD8316494BA5ADA295D31A681768F769AFE874BA11DD951E4E97D057D2CBE947E897E803F4770C0D861583C7886728199B18071867197718AF984CA619D38B19C754303731EB98E7990F996F55582AB62A7C1591CA0A954A9526951B2A2F54A9AAA6AADEAA0B55F355CB548FA95E537DAE46553353E3A909D496AB55AA9D50EB531B5367A93BA887AA67A86F543FA47E59FD890659C34CC34F43A451A0B15FE3BCC6200B6319B3782C216B0DAB86758135C426B1CDD97C762ABB98FD1DBB8B3DAAA9A13943334A3357B352F394663F07E39871F89C744E09E728A797F37E8ADE14EF29E2291BA6344CB931655C6BAA96979658AB48AB51AB47EBBD36AEEDA79DA6BD45BB59FB810E41C74A275C2747678FCE059DE753D953DDA70AA7164D3D3AF5AE2EAA6BA51BA1BB4477BF6EA7EE989EBE5E809E4C6FA7DE79BDE7FA1C7D2FFD54FD6DFAA7F5470C5806B30C2406DB0CCE183CC535716F3C1D2FC7DBF151435DC34043A561956197E18491B9D13CA3D5468D460F8C69C65CE324E36DC66DC6A326062621264B4DEA4DEE9A524DB9A629A63B4C3B4CC7CDCCCDA2CDD699359B3D31D732E79BE79BD79BDFB7605A785A2CB6A8B6B86549B2E45AA659EEB6BC6E855A3959A558555A5DB346AD9DAD25D6BBADBBA711A7B94E934EAB9ED667C3B0F1B6C9B6A9B719B0E5D806DBAEB66DB67D6167621767B7C5AEC3EE93BD937DBA7D8DFD3D070D87D90EAB1D5A1D7E73B472143A563ADE9ACE9CEE3F7DC5F496E92F6758CF10CFD833E3B613CB29C4699D539BD347671767B97383F3888B894B82CB2E973E2E9B1BC6DDC8BDE44A74F5715DE17AD2F59D9BB39BC2EDA8DBAFEE36EE69EE87DC9FCC349F299E593373D0C3C843E051E5D13F0B9F95306BDFAC7E4F434F8167B5E7232F632F9157ADD7B0B7A577AAF761EF173EF63E729FE33EE33C37DE32DE595FCC37C0B7C8B7CB4FC36F9E5F85DF437F23FF64FF7AFFD100A78025016703898141815B02FBF87A7C21BF8E3F3ADB65F6B2D9ED418CA0B94115418F82AD82E5C1AD2168C8EC90AD21F7E798CE91CE690E85507EE8D6D00761E6618BC37E0C2785878557863F8E7088581AD131973577D1DC4373DF44FA449644DE9B67314F39AF2D4A352A3EAA2E6A3CDA37BA34BA3FC62E6659CCD5589D58496C4B1C392E2AAE366E6CBEDFFCEDF387E29DE20BE37B17982FC85D7079A1CEC2F485A716A92E122C3A96404C884E3894F041102AA8168C25F21377258E0A79C21DC267222FD136D188D8435C2A1E4EF2482A4D7A92EC91BC357924C533A52CE5B98427A990BC4C0D4CDD9B3A9E169A76206D323D3ABD31839291907142AA214D93B667EA67E66676CBAC6585B2FEC56E8BB72F1E9507C96BB390AC05592D0AB642A6E8545A28D72A07B267655766BFCD89CA3996AB9E2BCDEDCCB3CADB90379CEF9FFFED12C212E192B6A5864B572D1D58E6BDAC6A39B23C7179DB0AE315052B865606AC3CB88AB62A6DD54FABED5797AE7EBD267A4D6B815EC1CA82C1B5016BEB0B550AE5857DEBDCD7ED5D4F582F59DFB561FA869D1B3E15898AAE14DB1797157FD828DC78E51B876FCABF99DC94B4A9ABC4B964CF66D266E9E6DE2D9E5B0E96AA97E6970E6E0DD9DAB40DDF56B4EDF5F645DB2F97CD28DBBB83B643B9A3BF3CB8BC65A7C9CECD3B3F54A454F454FA5436EED2DDB561D7F86ED1EE1B7BBCF634ECD5DB5BBCF7FD3EC9BEDB5501554DD566D565FB49FBB3F73FAE89AAE9F896FB6D5DAD4E6D71EDC703D203FD07230EB6D7B9D4D51DD23D54528FD62BEB470EC71FBEFE9DEF772D0D360D558D9CC6E223704479E4E9F709DFF71E0D3ADA768C7BACE107D31F761D671D2F6A429AF29A469B539AFB5B625BBA4FCC3ED1D6EADE7AFC47DB1F0F9C343C59794AF354C969DAE982D39367F2CF8C9D959D7D7E2EF9DC60DBA2B67BE763CEDF6A0F6FEFBA1074E1D245FF8BE73BBC3BCE5CF2B874F2B2DBE51357B8579AAF3A5F6DEA74EA3CFE93D34FC7BB9CBB9AAEB95C6BB9EE7ABDB57B66F7E91B9E37CEDDF4BD79F116FFD6D59E393DDDBDF37A6FF7C5F7F5DF16DD7E7227FDCECBBBD97727EEADBC4FBC5FF440ED41D943DD87D53F5BFEDCD8EFDC7F6AC077A0F3D1DC47F7068583CFFE91F58F0F43058F998FCB860D86EB9E383E3939E23F72FDE9FCA743CF64CF269E17FEA2FECBAE17162F7EF8D5EBD7CED198D1A197F29793BF6D7CA5FDEAC0EB19AFDBC6C2C61EBEC97833315EF456FBEDC177DC771DEFA3DF0F4FE47C207F28FF68F9B1F553D0A7FB93199393FF040398F3FC63332DDB000000206348524D00007A25000080830000F9FF000080E9000075300000EA6000003A980000176F925FC54600001D5C4944415478DAECDAE793E6D9551FF0736EF8C52787CE3DDD333D79276DCEAB156215564296B44212D8084149963018245354D9805C451006CA18F34225E10284649200AD8C76D1AEF206EDAE364DCE33DD137AA6BB9FEE273FCF2FDDDFBDF7F8856D4C95FDCAEF28EFF70F38F579F5BD55E71E2422F8A71006FF44F206F40DE81BD037A06F40FF3F818ADFFAEAFBA7021316E284D76FB4935C0DC6519224B1C29A1F54969A93B55A6161BEBEBBBE57F3D05A13B292B5CAE5E491B2D0E25021F0B7CCE4F59E0EC5CD7AD92D31EA684A73CD38915644456024B9AF958A233B8AF22CCBB48985CC5D567490002DC3805B2D83A2A2E2602C5636C7E3789CAA3C4EEDE670ABE6646FDDEF88ADDE9AC7E498EA499E32C68091CE696C801BF42B9D5EDADE51BAEDEEC9A6479483B90A211A813A4E55D2E61917CC6743693D8572686CD5C790E5163817B930DCE131933187DC508548791E222B11244069AE126D09D9D8751DD4056D736349582ED1056E94D1DC80EF384A458CF366257CA8B04F18852FAF9ED93DBD6722E484846451262E986D336BF72C896A6969BA5EF4485A722532A6F2585B1F0D43AEAC0DF828A41C99E70154A4D78B697475603D7F7E1118B58589AA7C2A8059C2AA055260192A9B6699143E7940C0B8195BCE8D31D686E8194388946BCE2CB94C2A32D242A310DC37D7148DAA8894AC381554CB238FAA856AE0A297679341FB9EBD85FB17DEE5C0DD4015032E8001CB435759371760198C3CB619421490515038FBFDE5D7BFF1CAB58DB6198D4749B6FBD0EE52B1423CAFCF9DF3C4723B777FEE433FEBD3468FB78C609CB3C02F01800574891B009D64B14CFDB092E5B90247060165233B4E199300B940430189AD74382D0A8E1081C7184B4BE11ACA7CAE6EE727F7723802B6664830E6016C12D3151039F411361D10CC46820D009D979FCF8E7D7BFDDACDB54E32B8BCBCC2043CFD87CFA449AFE835BABDB136E33DB7EF7EEB036FDD3D37CDED4DB06408180217E0A014C24DB3149930C69235C43843B03A2730DA21A5D294522529C558785063CC1AE5A5FD9E330581ACCDD6123F6428AA23EA95B1CE4010250CD062CB31EB9C61862D4E92B3E1D06CFFF6B7F626371AC3F468ABBD7975ED9AE7BAD7AE5E9D982D6FDD50B38BA5C307B7374AC593E7AEDF71FBFD2756BE5608FD381E686D5D898EE08C31A5AC528910C80C7725D7B9C92C5A44CB99B236538A84B3DC1EEC992F086113633C6D338FB9946E2B571F699674C9DF70058DEDB518BA55D8E7830F2480C6C0BB19AD267419F196D75F3BF4C457FDADB5533BB72DB6FBC3F1B84DB9F12BC51FFFB18FAC5EB95C3F5C5CDB6A3DFFE2ABFDD1501B0300FFFC477EE19BDFFD42E02203EBB254A043966539270430CC772CB3CA810247F07D3FC9734C84F0C371D4CFD2629A16443F19E65C09F4329DE750C16A211A0D42DF25CA386DE5BC3BB41388330E8E358D09ACC10906B75CDE905FFB228902BBB872F6F573A7C7DD5550FA1D6F7DA765F4D5AFFD5DDCEFE52ADF1A0CFE7111BEF4BDE37FFC877FF3B31F7FC7EA38232BB422CF031739A0E11C2C044C7A79224AAE2485DAF720CB30B58E703CE3A99111717C238A4BBC1E46A6D44E3726CBBB167CD86CF727EBB9EB04D6328BD1108612471695A54509F351CEBEF7A54BE72E9CB682A1A1A2A366771E9C9F5E3871F158FBC65AAD5AD6265F5BB9FA7F96F6273FF15BFFFAE3EFA80532CE98E79160AEE2A9E7968130D23AE344512E812BAD8D2620065AFB9EDF1E0D8DAAF35D0F95742E8A1E9BF017EA5EA19B3C15A9EB2A1FB95E8A6696D91AE17E8D901A8C742DE4875DAC9F79397EFA6F5FCB52F5FD979FF73CCFE37E9C0EAFAD5E986B4E9DBBBA1C4AAFD31FC6D1F8FFFAC06C3FB2EB8E7DBB72B4A1941C25822B844F20534A728DA3DC1966D81B27A371AC94721D1E27992BF4641504DA0C8095CBDB9A8D26D811B123C25E059C18450B4597349655962A1B038A8AB7D7C36D0E8437CE9E775CBFD7BE303B5F1B8CDA0439046E35285DBC7279FBC2D27AF7EA78ABB56FC25FAA7BC044A48CD5B6EC13F3823D77DEFA85CFFDD99B1F7D9300C60D48CE1C8943633564842E80409DC6065220CE49EB8C21B7CC72CF28118BF541DCACC86A98389EB6B9506A7460D79EA257CB4C254AFA82AE8025A56C04FD867F9701343A26CBFD4084D51AA352AF7DC1144CBFB571BEBB2586EAC183659B0C1E7DA072FF5D0F41693151C61360E3384E62608EF06626EF5D3C7D6665DF8105A3234E14596D4C56F1B4CB2CA2EBBB1536026B4CA68CEF15937CEC4827A138272B3A6367718659ECC4E64AA661DFAECD6DE54965320B37A38405A80D6C681395E5CD7176DAE707185134CC3CC90A3EDB5C1F702E572E5D529916088F3C30F1D8BDB7FA0E30F4999C6061A35C74A27127431D0452E506299E0977F55BDDF1BE5D261909274742CFCD24640E3147E4B2EC5DEE79DA5A206B8DF55C371B8DC985840C238C5235CA52ADF5F9B5FE6907E341DCF5882D6F44E7D7AEF707EEB05D40728B65D7635F4BF05B469F478A4A5E31109EC3749A6FA9CC70474E4F2233EEE576044E453A25D2ED74B491479D3CA62CC338B248DCE4F9508DA29B593CEE6BE38D5399A523652C83181801B00472C3ADB146084E360B98E48213227197376E430F8BC072C80B4AC7ADA48E72F07A6BE3B533E9743999A9EF09BCB21F96385FE136135ED72AE7D2CB25E52659945E6B5DCFF54032C795E867DCFA11F2B8BBB1291CF4358BA2CDEE38362631064928B25AE5B9E0C5918A96EE5C703893C41492B0D67340B02C07B936AC8C8661929A6C1C4921B5D19C31DFF16FA9B962A101DC5294A984678D6A04A93CBBECEB3CF4BCC40B78E08F188F74EA1A3788C08C87580BFBD5DAB4EE8544F962A524B24250A2E166B43686B88F9706AD7CB15AD930DEE41232EECA40383EA21B1BE6C2D8413F613670827AA992E8442BED73EE7BD232915A9B5A06E82ACB890926A5CE732105E420380929855F693403642CBBFFB664A68971DADDD89A1F697B636B5BA1B08662BD50AC65C958B009C16A799EA434DA760036BFC3C24AB9AE2637D6AF04A53A35F58109677BC5F19BEE5C51CC4ECC65BC0EC8B56259EBAA81A171678C5B006333D35F5F67C79FA9DFF3C8ED5DAB2C659C7C803CD22980C38C14826BA38510E3F138941CB9F0DCB8520EC46CC1E78EBB6DB67B602FF90C91C862C78B2A51BAA5ACA38DE23C6B560B567B8CF9899C48CC069B6805ACC1941EF5FBD22396674BD37B169AD943B7DE2FB9AB2C79F59978B8B9BC72FCE6FA78B3D35B5F6FE3F8B5C3FB660A21FCDDB3AB2F75E0C3E5E17B1E79F3C8E96489374AAC969C21CF0D5399448392C138C9A5F073954B97EF2894093251F48B5E9857AB155FF44B3E44464B379F09DA9A7030DE53D82603592FC02E943A2672F974088BCE52EB89F5F5527D12375BD5E264E08AD9A9FA6CA3E897026B835A58EDDC38F19D6F3DFEDC2BA3172200000FE00313E0B2F699567DC7A38FBDF45FBFF2E10F3F6640F89C459C19657383BE4F006C6C1CB2D6021B5326115CE122A405C7AD166A4CB87D3F8C8867AD11DB1CE06687274A299D558B9D7A69DD0FE6A7F1ED455A0A68360017EC10C92DC1E263EF7CE0C149118ED637D66E842CD039948A758FD7B80C5B5B575E7CF62F077DF5A6C78E7CF01DB701400A107B60C3B92377BFE7D4734F7DE86DB717DD12420E684239AE9761B2D29FF3B2D9309FA98D1C1774AE5D211D20668C04991995592B08FAE5629999D94E7F39E3B9C90365F35CE753A5895A697BC39D40720CDEC7AC08F1BF715C234C39544EFEE24F2D3C3AF9165ABBE7FE692AD42F0C9C4E9A8110811483411E57EF74DC9B796BD5EB508DB38375AA4ECA7A63AA3919BCF987DF5D75C2ADB36DD837E503AFC9260238049654CC58C9CF0ABE0C1C278938223106519CF4E2C0E45AA023A6ABB720E8CE38EAEB559708FDC6381FD582E97ABD0F94004C329A4006963EE2D913C4932CDB8C7ADD5E7E7030BE5AE6F9030FBDEDF493DF4B3409AF628D96AC7CDFC1DDC6ECDD1AE9B0D3FDD4AD6EBDE464A3EB13B52989FAE183B76E0CE28D1B3733D8E68227C99768000346865B4066818013329B93E5B9A59C587B900D86655670E7A7EB87CAC5594EA57EC4124AC663CCE249A21E30A66064A867110C10630CD8AD08B74BF7FEE01D779EFDAB67FD2CB1C1F66B6B6B77EE3FB87CE51AB399668106A1B34E9EB64ABE3EB063D7BE1D3BD291F0DDA63F315B74B091B6262AC57E148D756AD010600E60D04BA162991C68996961AD71B8D0647320260527892A1077ED79F7AEE6FD9919B7077613962D060355ADD4D7A71A8F48BBC3B2C0B096634F10EC01F000004832F4773CF6D8DA851BB2E47976F3DAF237771FF9174FF5367AE371ADDE4CD3341A273ACF926C40EC466E5877BDB3F7C0EE0B5F7FF6E913673F7A7FF9985A9CFAA187B8A80C08624C1C0A08931CB391F5FAA330CF38E31C002C82E49869ED94835C2B36599B4F6D3F3571B9BCBF5E9AAA166CB1D4DE337BC781E67B66D9FD157A20B5CD04970D7C23A79701DA400AA073DFA31FF09AC5F9071F3D7F72D8B9788D33F3DE473FB0D68D3BBDF5500A6D4C126D0EFA9746BD0B5B5BAD999DBBBE7FF4E8739B679C86FE8DA3C3D2C1071B33130A78AC220564208DAC4A2943CC8A8E765CB0601909C33D64D675A4C78465925DDB5C0E82D07185A6579DA0EF7B62A6B639576DFA0008B983E4218E41AF4374035EEDC2D3191EB3B60D30FCB9AFFE1178C3B2BF35EC0D1D3402DD4465E7979757D66F6C75F2740C6405C074509CBDDE49D7BDA6AA4C0FE53637D8F6574F3E3DB2A400195A06C6A2F5C814B158836AC3F3AB81E30023211C43B912A1942ACD30B3E2FCB52F96AB17483B3A3F567044B9D6AE07BBABEE04234E3445301038A8596AA107B843834A29E228910286E2D64F7D62FB5D6F0F36E34C421F496D44E3C1466B738367A95B600D7F9B92F5E32BEB1BAB27E69AB3136959B8AB0716765CDD4C56BAAB1EB85A142C19C1A444E943E88067B83BF473D791883190E50CC72AAB3B8E3156809A8ABA97A563321B2BDD6EE4BBAAE13B8B6C3768229E20342DB88CD1A46DA658F7C86338464CC06A2211B092D8BF0FF3ADD3DFFEC2D47D3F9A67F1B0B38944C3B4AD216C56667CE4478FBFD6A766B136FDE6DBF670FE607366CF67BFFED78B53358001C314A9089638F802242071F02520022159C951431AA77A60AD2523341B8F32294DD01EC86ABDEC887B325D21BE04BC88C4087C8E9A6881A31742194019B29C0C4017113428A832A71206A5E2E0E6B2EF974AA5D0EB71E3788CB14C8BADE1FA54D37DD7AE66DEBDF8F433A74749C554B03039B37DFF8280C0A120C61143CFD05883F5C0D710F5B294C87A4C0C2066B92F78ACCD80C13C43EF06C875828EEB46B12A125F04DC1513D7C4011DC0694D0709270C9400011019228000E439A88492986228F8B5F9036B978FBA8CF9BE17AB34B7A5DCB89B51FCF5678E5DB8A2CF5D591FC992F52A5792E8AEBBDEF5DCA9F37B1AF79661FF341E6CE09E51EE6C656C903B43E36CC55247884C64A4D1504E3AC9734B8E0125AADE1E8FAB1CAF733D1706B9A135140B0E1B818D801A800AA102401C91882C0802C7B2AEA12C019DA2EB4211408741553AFCD2F5B3A92E57C21DA7D68EBA61B07AE2E4A98D6194B1E23ACCEFDCB67B32ACCCF5D65ACBB5E9A589EA3E0E000845901B996AF722B7520E65C167B2E4726B07499A0AC694258BE0B8A117F8E2F6C59F6FD42B97D6FF6C303E83769FC4C5C01A627D8B8CD31250993300400000A08430325E96BA4C3614439013F677BF98FDE81D95A91D5996E5E9A616B872E54C29F07BC34465EDBD8DF2A99B71AF3BFEC1D1D726CAD5D6EA8D94F31D07DE1588FFB59E2529F28649958452C12901812C4865AF803579AE08D1670274EE4241D44AB5AA5F5DA8BD0BD5ED85707FCD290DF2CB5278066A0EECFF9F420000406B2D131BDD68DC012F08D37A63DF13AF3CFB2B9F7EEFC75ECF871D6348787A7A6969DCD978F699AFF6C7615CE475A9F616583B33AF9E8F0544317000B379F92BFF7B264289B965B724497A0C34594B5A70A611534B923BCAA4CA9516B4E02E57CA30F0F6CFFE3329CBC8D85887C37CEC3BB32E5886FF78254D4AC360B39BF75AB917CC6B3EFEC82F9EF4D47B132B8157AAD5CCC06C65E234F6EA5E1AAF64DD753C07161D37D7460108C63F0D66DAC2CDCFFC79F3D73EFC0F3319674DE9D72403B08CA89F25719AA83C77A5638959229DE7DA18B6BE7EAED3DE5043D7A13000599461DDDB5BB6D3963C24000202222220B04C66A982B8EBA1768A72E9B34F5E1BBDF452E0D0EAF92C8BAA95E9FEEAA9EEDA859D93CD46084D07B781DD01E0A92C262A233C62ED410B31C06BBFFEB18DE74E01000100902FB92F893132364D9271328A54AA5C0EA08D3106004C960202136973B49E461B898A62ADAD4A89652C349312FC1C324B44D602180334C86DAFDDE1DA6695E2A1F57CFD8B5FBA0E70ACDF3FFBFA7754D495B2D06E1DED5C3F5BF36BB605266500E002DB058C90FF28F07980042047F0413DF5A6BB9EFE379F460000E639CCF303006D739BA834CA6385162D8F50A79869A33481D65A34F8AE9427A3ECE6A87DCD12160BAE1B141D5E62D6E66063CC11041166DAF67A9105AC352626AEAEB1DF7BA1DD7D790CD851F6C4B1678AB59DC54AE07A85E5F3DFD8606E64400A72A4DC2EF5DA007F18ECED003DC436E198800314A0F8F8EFFF66F91B270FBDF8176E3944A315D3362743BA9B44D65A65B5434C03244486433C1E3104215D470A7F34DA2435AED5C22090DCE5C8A4CBDC1064005000AC3B6CE764E996562BFAE04FD79FBFD179E16F0560026000CE5F399F0CB702E1794E41E7918E3B25875776D0EEC354F50118FD0ED1245140761DAC052B00003A4BC02A672F5D9978FFE8D9635EC92FF8DA098671161BAD0530263812326B918B5CE7C880C5795B9921214829A7A7A79089FFD146880008C8101923861A303FD77AE1273E79E4DF7D7EF4D43343BD7E1D22E9C84341B173235E5D3B190FC7D6E89BA7B38D8BB9059A9964752474E95D422CCA43012F290000D805400003C018D975BCBEA15E79F2E1DBDAEFFF4C7EAEE58B7AAD9E7B0EE7888E854467C81802AB874EA1E0B01BA3AB6BA36BDD6CD34A4EAE2262FFF0F944001640A93C3D79097EFB89AD8F7FE6A15FF97D71E68259DB30195980477EE9C70EEE9E4201ADF595766BA55E9E1AB54066AC5C847291C763133BF0D10FFE54395CB866861EE083C0EB8012AC04BB887C8D22C4C191D25EF8FE0BD7EFFAC5F66FFEB9EFC8B05EE008B1350C901B605CEF9E6A7A12C5B9CDB305C70F1D370C84615B0421410DC12740C8B3F48515F9EA0ABD7A826BACECDDF3E457FEE88B2F3CF1CB6C11A1EF05E5855FF8A9E4CBDF911678E08DE3A11098E5403514A1B148BD0CDEFE93EFAF5C5D48C3DE9D83866071DF2619036E50210A9BFB008BCEED30828DE87CCDDBD9FDF4E7D5DFBD3EF7273F7D66A2683A3D44460C5C743C4F3BAE1483E128F3C729F29D85591463462D80C84023FDCA717AF19A6FE5A9CFFF41D193F5FB1FFAD81FFFEADF5A3B219DCF2D3DB86A6F36DE739B15C5BBB63697EFA9FB13DB744C286B31807F0B2423C7066CA20CEF7CEC93F0F34FFDDEE633BF03DD9121600C2CDCC3EC27C1728243CE9D2AC37250925E70B5FBFA81A9BB5AE7CE04EFFCB78B9FFD99D5B919BCB6CA1C6199CD628B06D928EB68889591DDA48D105B84640BD42F3DE9FCF1770A07EFFCDE7FFEE9E24269E95F7EEAF7FEFE3FBE62ED07013E11166ABA1477F33DBFF14B1B2F1D7BFBA0F4969D0F0495DD6958487BA4249CBFA86FD9FBA6B9E0C823EB87C3C5BDD08D7E35DFD2007340F790F93532EF03760B94EE086EDD502767679656CBBD57BACFD464E5BA6A9754596C39FBDFFD9FDEFBE567CDEC84D40EA5E67A6A7AC9501044846034B6B7A4DEC7E804E75F3ACE08616E62F49DEF12E842DF1DBFF88373607F03C3298AE787F5F3F18BD3876E73660E859F79BC04FB8E3FFE7CBC635647E37E9E0D0DBCEFAE0776DEFDFEE4677E67E9FD1F87E36B1F7AFD0F9600DE4A3481B01D601EA0286FAD21ADC6676EDDF6EE8BC98597B75E7F98EFE2E496A399388FB44915C8FAEF3FFDF0FED917E62630C1F1284D52CBBC8008075CAAA0E8CAAB93F8372DA0210C364579A2FDAD278A501EE45B3F5879A90670B73737078B0BE1814B6AE5A92BDF7B6E69DF8DBF7E26992DDFBA5EBC78EA39AB12EE7B1FFCF03B167EE803CDCF7DB79E60E99E7DFFFE273FF00AD007110E221D023840DE188ABBC2FAA9F4F8ED53EF4E5DFEC4D6EB0FE3C2843B37BFFF3EA34623D84A6C96433E82E0D01F7CD30B5C4091693296D854614E199B50B453EEF61F2F9878CD6EB5D10BB36B6B975ADF07A8E73C3E3E5CDD0B50099B03E873DF9987B21D0D6EAC5C591D6DFEC4CD271904C593F9EACA8A263EB37761D73973F6B92FCFDF72EF8F7FE2A37F7FF1FC63887B09A7099A04BB60DF646DDBE5D10F76CEDD2BF6ECFDB34B5F3EC405F81C76ED76EEBEA343AB810C13880DF615F4D5E96BBBBB5102B9E03C56C06E3F7CEFE2C22EE36687CFBDD9762EB238864EC7E6F6F2D35F526018E42AACAD8D6FCE0188B0E642132BFE8CBF7D164000DC559A9B03F82FBBA3DBEEBBDFF3EAA6A0B7AB0AFBF5DF6E00FEC9C56F5DD49B6F03B88D68126816D82DEE6DA599431EF8EBF960E9F05B964F3C7903E88EEAFE9D8D87BA1B278F3EFE1F968E3CBC925FF4800C151248FAA0B73F7B967CC9737211D93D4B07DF76F75B3EBAFD5370A165856BAEAC41ACF5CA8DB18E02B7516D4C5FDFBC560198724A7C6442EEC47124DCCA6E982D011458E11080BE78FDF0BFFA486BED423397E6B3DFFE0CB43E86F8F571EB3D8877031CC1DA21B8753FBCA536FF605AE464C605B760D7D7FFB47FF443E1A2EF2D7CB3FD78C2F5EC03EFFB9BE37F3A27672D383D58E3080A12E7A5D345C68113E7C8044D4DF3F9A9FE0173E9180B9D64F92A4A8CAE5CCC4A986771B53AB766FB0D809D0B776DF5561888EECDE5A2577261B2091564D92D58AE00B81736EAE3BCFC62F4BBADD74E01DC46F6DD0077101D80C634DD5A66F34EB962E682DC2A6B46B5FAEE53E79FDDC16B95EAC499DE6BB78407D73A178E7EF70B8F1C795F2BBFD282EB3E1434E516006EB6E7735E108EEF7146500768C0A5385B1FD88DABEE91FDBD53CB041924DA889C95C25E3AAE2336C41E43602CD3C26A968DA12BC1CD3494BC700AC064F18F4CDFFFC2C9E7016001D87D00F3005320AAB0D72F95448DF8B606CF8C4273717CB3C91B97E30B7BA7F6C862B3C1E5B1AD17EA6173767AFF89E35F37500AA0C9002448018C12234CEE385E31AC33C004FB21DB48F8D26CF6EC4B5E18B2D0595F6F97A09C1026696C00764EEE53D737029888E866811529D503B8AA417B502B78AE0B70B3E19CCA7A03806D8007C16E43F000AAD0F4454D1642562CE940D84E22986E09EFF5D6F35E589B2BD506978FA694EE98D8C706A36079E48043D007341A14A1D0C0C1DA61AE7CBFE07B0D6601ED396655E4B83ACADCCEE9A302837E763D493B251E9CBF71C10568C2C49A3E2F7D47410F2D1BAA2E0178208CCE7D56E400C54EF7F4D3DF2E0370C06D0092A0065E03F63A1E27CF25CFC371AA929B85B1E2D23FAA925DA505FF4A7B6EE661958E829137E9EF3F614E649014608228778038490308644796312627CA556660919FEEA2CDD5E5EB13EF7CF3F5D32FB7FA9733479C555B456BAC8793FEC4B5FEC972A54CD61018E105A9D920001767E374E4A3C30196FFE2090DE0038440DB0104C03C1C9158A29A8B710C42529C6DAE5E36DA0335E8015479E81C3E7CE9DA5F1EBEF327EB8B474E8E9FD9064103A662E818001F8214F21CC686C0323B5F6D4ACF6108409D4D4626EA0D616375EC0497BB2B2C1D7599D2A236CA86735EE34ADA0DB168240928BBC619245D00A8C354373D23F36A02D0F9DEF1128000680285281B30570A6745C0987095B0D44BC637AE24B0A158FFB4B1D36E414E1C5C3BFEF8DE439F10DB0E2F9FFB8B1208003B86560EAC04AE023783088111DA92B653335300C01080ADB5A8BDE9CFCE9CFFCA13FB6A8B6BA0D6785EB0E054FD6E3618250307A020EBAE6255984B948A21F20005F33668C348CD0062156B008BB01F4A8CCAB370888A9E2DB85A6B2BD8F8971F58CF5FB3906C45AD062F0F311FADBE3835F1807FE8DE67BFFAE99720BB097A04690A2A60CC67C11A5C44600C381F2B9D6A6B2D00303B50364BF4F259C758AF563A79FDD5458016A55B00556CCEB37043770A2021E7BEF40578B1DEB09022F01C541B40D9A81404491A07080EC1229F97E0BA8D6963355AC663485A6DDA036D480630BA36BAF8563E7DCDE2BC7B5BB1B4EDCAAB7FF5F7597B1AA00A7013209FDA2E2A9563F60C828971CD016E43AEC89EBE7C1100F08DD3E137A06F40DF80BE017D03FA06F4FF25FF7D0050E9743BA27275130000000049454E44AE426082,1),
 (2,'Mohomad Insaf',1,1,NULL,'187, Torrington Avenue, Colombo 7','1987-05-11','873501664V','0756620017','0114258414','inshaf@gmail.com',1,'2008-07-01',NULL,1),
 (3,'Asura',1,2,NULL,'12, jnqekjqe, sfd, dsvv','1987-08-12','872542345V','0714562548','0112589631','dcdcs@csdcdc.dds',3,'2016-08-10',NULL,1),
 (4,'Wazan',1,2,NULL,'1321, hugyug, guyg','1988-08-04','886458625V','0714523585','0125486235','was@gmail.com',4,'2016-08-11',NULL,1);
/*!40000 ALTER TABLE `employee` ENABLE KEYS */;


--
-- Definition of table `employeestatus`
--

DROP TABLE IF EXISTS `employeestatus`;
CREATE TABLE `employeestatus` (
  `id` int(11) NOT NULL AUTO_INCREMENT,
  `name` varchar(45) DEFAULT NULL,
  PRIMARY KEY (`id`)
) ENGINE=InnoDB AUTO_INCREMENT=5 DEFAULT CHARSET=latin1;

--
-- Dumping data for table `employeestatus`
--

/*!40000 ALTER TABLE `employeestatus` DISABLE KEYS */;
INSERT INTO `employeestatus` (`id`,`name`) VALUES 
 (1,'Working'),
 (2,'Resign'),
 (3,'Suspend'),
 (4,'Training');
/*!40000 ALTER TABLE `employeestatus` ENABLE KEYS */;


--
-- Definition of table `gender`
--

DROP TABLE IF EXISTS `gender`;
CREATE TABLE `gender` (
  `id` int(11) NOT NULL AUTO_INCREMENT,
  `name` varchar(45) DEFAULT NULL,
  PRIMARY KEY (`id`)
) ENGINE=InnoDB AUTO_INCREMENT=4 DEFAULT CHARSET=latin1;

--
-- Dumping data for table `gender`
--

/*!40000 ALTER TABLE `gender` DISABLE KEYS */;
INSERT INTO `gender` (`id`,`name`) VALUES 
 (1,'Male'),
 (2,'Female'),
 (3,'Other');
/*!40000 ALTER TABLE `gender` ENABLE KEYS */;


--
-- Definition of table `grnote`
--

DROP TABLE IF EXISTS `grnote`;
CREATE TABLE `grnote` (
  `id` int(11) NOT NULL AUTO_INCREMENT,
  `no` varchar(10) DEFAULT NULL,
  `datetime` datetime DEFAULT NULL,
  `grossamount` decimal(10,2) DEFAULT NULL,
  `totaldiscountper` decimal(10,2) DEFAULT NULL,
  `totaldiscountvalue` decimal(10,2) DEFAULT NULL,
  `netamount` decimal(10,2) DEFAULT NULL,
  `porder_id` int(11) NOT NULL,
  `grnotestatus_id` int(11) NOT NULL,
  `user_employee_id` int(11) NOT NULL,
  PRIMARY KEY (`id`),
  KEY `fk_grnote_porder1_idx` (`porder_id`),
  KEY `fk_grnote_grnotestatus1_idx` (`grnotestatus_id`),
  KEY `fk_grnote_user1_idx` (`user_employee_id`),
  CONSTRAINT `fk_grnote_grnotestatus1` FOREIGN KEY (`grnotestatus_id`) REFERENCES `grnotestatus` (`id`) ON DELETE NO ACTION ON UPDATE NO ACTION,
  CONSTRAINT `fk_grnote_porder1` FOREIGN KEY (`porder_id`) REFERENCES `porder` (`id`) ON DELETE NO ACTION ON UPDATE NO ACTION,
  CONSTRAINT `fk_grnote_user1` FOREIGN KEY (`user_employee_id`) REFERENCES `user` (`id`) ON DELETE NO ACTION ON UPDATE NO ACTION
) ENGINE=InnoDB AUTO_INCREMENT=14 DEFAULT CHARSET=latin1;

--
-- Dumping data for table `grnote`
--

/*!40000 ALTER TABLE `grnote` DISABLE KEYS */;
INSERT INTO `grnote` (`id`,`no`,`datetime`,`grossamount`,`totaldiscountper`,`totaldiscountvalue`,`netamount`,`porder_id`,`grnotestatus_id`,`user_employee_id`) VALUES 
 (1,'GRN00001','2016-08-28 00:00:00','1100.00','10.00','110.00','990.00',3,2,1),
 (2,'GRN00002','2016-08-28 00:00:00','300.00','10.00','30.00','270.00',3,2,1),
 (3,'GRN00003','2016-08-28 00:00:00','800000.00','0.00','0.00','800000.00',5,2,1),
 (4,'GRN00004','2016-08-28 00:00:00','800000.00','0.00','0.00','800000.00',6,2,1),
 (5,'GRN00005','2016-08-28 00:00:00','800000.00','0.00','0.00','800000.00',7,2,1),
 (6,'GRN00006','2016-08-28 00:00:00','300000.00','5.00','15000.00','285000.00',8,2,1),
 (8,'GRN00008','2016-10-22 10:06:44','132000.00','5.00','6600.00','125400.00',10,2,1),
 (9,'GRN00009','2016-10-22 10:11:03','10000.00','0.00','0.00','10000.00',10,2,1),
 (12,'GRN00012','2016-10-23 17:40:49','140000.00','1.00','1400.00','138600.00',10,2,1),
 (13,'GRN00013','2016-10-24 23:21:18','120000.00','0.00','0.00','120000.00',11,2,1);
/*!40000 ALTER TABLE `grnote` ENABLE KEYS */;


--
-- Definition of table `grnotepoitem`
--

DROP TABLE IF EXISTS `grnotepoitem`;
CREATE TABLE `grnotepoitem` (
  `id` int(11) NOT NULL AUTO_INCREMENT,
  `grnote_id` int(11) NOT NULL,
  `poitem_id` int(11) NOT NULL,
  `qtyrecieved` int(11) DEFAULT NULL,
  `pprice` decimal(7,2) DEFAULT NULL,
  `sprice` decimal(7,2) DEFAULT NULL,
  `linetotal` decimal(10,2) DEFAULT NULL,
  PRIMARY KEY (`id`),
  KEY `fk_grnote_has_poitem_poitem1_idx` (`poitem_id`),
  KEY `fk_grnote_has_poitem_grnote1_idx` (`grnote_id`),
  CONSTRAINT `fk_grnote_has_poitem_grnote1` FOREIGN KEY (`grnote_id`) REFERENCES `grnote` (`id`) ON DELETE NO ACTION ON UPDATE NO ACTION,
  CONSTRAINT `fk_grnote_has_poitem_poitem1` FOREIGN KEY (`poitem_id`) REFERENCES `poitem` (`id`) ON DELETE NO ACTION ON UPDATE NO ACTION
) ENGINE=InnoDB AUTO_INCREMENT=17 DEFAULT CHARSET=latin1;

--
-- Dumping data for table `grnotepoitem`
--

/*!40000 ALTER TABLE `grnotepoitem` DISABLE KEYS */;
INSERT INTO `grnotepoitem` (`id`,`grnote_id`,`poitem_id`,`qtyrecieved`,`pprice`,`sprice`,`linetotal`) VALUES 
 (1,1,6,6,'100.00','200.00','600.00'),
 (2,1,5,5,'100.00','200.00','500.00'),
 (3,2,6,3,'100.00','200.00','300.00'),
 (4,3,10,10,'80000.00','90000.00','800000.00'),
 (5,4,11,10,'80000.00','90000.00','800000.00'),
 (6,5,12,10,'80000.00','90000.00','800000.00'),
 (7,6,13,5,'60000.00','65000.00','300000.00'),
 (9,8,17,6,'22000.00','24000.00','132000.00'),
 (10,9,18,1,'10000.00','15000.00','10000.00'),
 (14,12,17,5,'20000.00','24000.00','100000.00'),
 (15,12,18,2,'20000.00','24000.00','40000.00'),
 (16,13,19,4,'30000.00','34000.00','120000.00');
/*!40000 ALTER TABLE `grnotepoitem` ENABLE KEYS */;


--
-- Definition of table `grnotestatus`
--

DROP TABLE IF EXISTS `grnotestatus`;
CREATE TABLE `grnotestatus` (
  `id` int(11) NOT NULL,
  `name` varchar(45) DEFAULT NULL,
  PRIMARY KEY (`id`)
) ENGINE=InnoDB DEFAULT CHARSET=latin1;

--
-- Dumping data for table `grnotestatus`
--

/*!40000 ALTER TABLE `grnotestatus` DISABLE KEYS */;
INSERT INTO `grnotestatus` (`id`,`name`) VALUES 
 (1,'Initial'),
 (2,'Approved');
/*!40000 ALTER TABLE `grnotestatus` ENABLE KEYS */;


--
-- Definition of table `invoice`
--

DROP TABLE IF EXISTS `invoice`;
CREATE TABLE `invoice` (
  `id` int(11) NOT NULL AUTO_INCREMENT,
  `no` varchar(10) DEFAULT NULL,
  `datetime` datetime DEFAULT NULL,
  `grossamount` decimal(10,2) DEFAULT NULL,
  `totaldiscont` decimal(10,2) DEFAULT NULL,
  `netamount` decimal(10,2) DEFAULT NULL,
  `user_employee_id` int(11) DEFAULT NULL,
  `customer` varchar(45) DEFAULT NULL,
  `contactno` char(10) DEFAULT NULL,
  PRIMARY KEY (`id`),
  KEY `fk_invoice_user1_idx` (`user_employee_id`)
) ENGINE=InnoDB AUTO_INCREMENT=20 DEFAULT CHARSET=latin1;

--
-- Dumping data for table `invoice`
--

/*!40000 ALTER TABLE `invoice` DISABLE KEYS */;
INSERT INTO `invoice` (`id`,`no`,`datetime`,`grossamount`,`totaldiscont`,`netamount`,`user_employee_id`,`customer`,`contactno`) VALUES 
 (1,'1000000001',NULL,'400.00','0.00','400.00',1,NULL,NULL),
 (2,'1000000002','2016-11-10 22:57:44','14100.00','1260.00','12840.00',1,NULL,NULL),
 (3,'1000000003','2016-11-10 23:07:51','226000.00','22600.00','203400.00',1,'Sameera','0715352951'),
 (4,'1000000004','2016-11-11 08:58:58','25000.00','0.00','25000.00',1,'Sella','0714317445'),
 (5,'1000000005','2016-11-11 09:30:37','25000.00','0.00','25000.00',1,'Customer',NULL),
 (6,'1000000006','2016-11-11 09:40:53','25000.00','0.00','25000.00',1,'Customer',NULL),
 (7,'1000000007','2016-11-11 09:56:41','25000.00','2500.00','22500.00',1,'Customer',NULL),
 (9,'1000000008','2016-11-11 10:36:29','25000.00','0.00','25000.00',1,'Customer',NULL),
 (10,'1000000009','2016-11-11 11:05:48','700.00','0.00','700.00',1,'Customer',NULL),
 (11,'1000000010','2016-11-11 11:20:36','25000.00','0.00','25000.00',1,'Customer',NULL),
 (12,'1000000011','2016-11-11 11:41:03','25000.00','0.00','25000.00',1,'Customer',NULL),
 (13,'1000000012','2016-11-11 11:43:21','25000.00','0.00','25000.00',1,'Customer',NULL),
 (14,'1000000013','2016-11-11 12:04:36','25000.00','0.00','25000.00',1,'Customer',NULL),
 (15,'1000000014','2016-11-11 12:30:45','25000.00','0.00','25000.00',1,'Customer',NULL),
 (16,'1000000015','2016-11-11 12:33:03','25000.00','0.00','25000.00',1,'Customer',NULL),
 (17,'1000000016','2016-11-11 12:37:43','25000.00','0.00','25000.00',1,'Customer',NULL),
 (18,'1000000017','2016-11-11 12:44:12','127400.00','0.00','127400.00',1,'Customer',NULL),
 (19,'1000000018','2016-11-11 12:51:38','102600.00','0.00','102600.00',1,'Customer',NULL);
/*!40000 ALTER TABLE `invoice` ENABLE KEYS */;


--
-- Definition of table `invoiceitem`
--

DROP TABLE IF EXISTS `invoiceitem`;
CREATE TABLE `invoiceitem` (
  `id` int(11) NOT NULL AUTO_INCREMENT,
  `invoice_id` int(11) NOT NULL,
  `item_id` int(11) NOT NULL,
  `qty` int(11) DEFAULT NULL,
  `discountper` decimal(5,2) DEFAULT NULL,
  `discountvalue` decimal(10,2) DEFAULT NULL,
  `total` decimal(10,2) DEFAULT NULL,
  `IMEI` char(15) DEFAULT NULL,
  `warrenty_id` int(11) NOT NULL,
  PRIMARY KEY (`id`),
  KEY `fk_invoice_has_item_item1_idx` (`item_id`),
  KEY `fk_invoice_has_item_invoice1_idx` (`invoice_id`),
  KEY `fk_invoice_has_item_warrenty1_idx` (`warrenty_id`) USING BTREE,
  CONSTRAINT `fk_invoice_has_item_invoice1` FOREIGN KEY (`invoice_id`) REFERENCES `invoice` (`id`) ON DELETE NO ACTION ON UPDATE NO ACTION,
  CONSTRAINT `fk_invoice_has_item_item1` FOREIGN KEY (`item_id`) REFERENCES `item` (`id`) ON DELETE NO ACTION ON UPDATE NO ACTION,
  CONSTRAINT `fk_invoice_has_item_warrenty1` FOREIGN KEY (`warrenty_id`) REFERENCES `warrenty` (`id`) ON DELETE NO ACTION ON UPDATE NO ACTION
) ENGINE=InnoDB AUTO_INCREMENT=22 DEFAULT CHARSET=latin1;

--
-- Dumping data for table `invoiceitem`
--

/*!40000 ALTER TABLE `invoiceitem` DISABLE KEYS */;
INSERT INTO `invoiceitem` (`id`,`invoice_id`,`item_id`,`qty`,`discountper`,`discountvalue`,`total`,`IMEI`,`warrenty_id`) VALUES 
 (1,1,12,2,NULL,'0.00','400.00',NULL,1),
 (2,2,3,1,NULL,'1260.00','12600.00',NULL,5),
 (3,2,11,1,NULL,'0.00','1500.00',NULL,3),
 (4,3,1,1,NULL,'22600.00','226000.00',NULL,1),
 (5,4,15,1,NULL,'0.00','25000.00','123456789123456',5),
 (6,5,15,1,NULL,'0.00','25000.00','123456852369548',5),
 (7,6,15,1,NULL,'0.00','25000.00','258794658621545',5),
 (8,7,15,1,NULL,'2500.00','25000.00','123456789456254',5),
 (9,9,15,1,NULL,'0.00','25000.00','548965745245862',5),
 (10,10,13,1,NULL,'0.00','700.00','',3),
 (11,11,15,1,NULL,'0.00','25000.00','123456789123456',5),
 (12,12,15,1,NULL,'0.00','25000.00','568974523156589',4),
 (13,13,15,1,NULL,'0.00','25000.00','123458652315475',1),
 (14,14,15,1,NULL,'0.00','25000.00','258794561232586',6),
 (15,15,15,1,NULL,'0.00','25000.00','852369741258965',5),
 (16,16,15,1,NULL,'0.00','25000.00','589745612589563',5),
 (17,17,15,1,NULL,'0.00','25000.00','258741236985214',1),
 (18,18,13,2,NULL,'0.00','1400.00','',1),
 (19,18,3,10,NULL,'0.00','126000.00','',3),
 (20,19,7,1,NULL,'0.00','90000.00','859651478569856',5),
 (21,19,3,1,NULL,'0.00','12600.00','',5);
/*!40000 ALTER TABLE `invoiceitem` ENABLE KEYS */;


--
-- Definition of table `item`
--

DROP TABLE IF EXISTS `item`;
CREATE TABLE `item` (
  `id` int(11) NOT NULL AUTO_INCREMENT,
  `itemtype_id` int(11) NOT NULL,
  `brand_id` int(11) NOT NULL,
  `name` varchar(100) DEFAULT NULL,
  `pprice` decimal(9,2) DEFAULT NULL,
  `sprice` decimal(9,2) DEFAULT NULL,
  `qty` int(11) DEFAULT NULL,
  `rop` int(11) DEFAULT NULL,
  `itemstatus_id` int(11) NOT NULL,
  `supplier_id` int(11) NOT NULL,
  PRIMARY KEY (`id`),
  KEY `fk_item_itemstatus1_idx` (`itemstatus_id`),
  KEY `fk_item_itemtype1_idx` (`itemtype_id`),
  KEY `fk_item_brand1_idx` (`brand_id`),
  KEY `fk_item_supplier1_idx` (`supplier_id`),
  CONSTRAINT `fk_item_brand1` FOREIGN KEY (`brand_id`) REFERENCES `brand` (`id`) ON DELETE NO ACTION ON UPDATE NO ACTION,
  CONSTRAINT `fk_item_itemstatus1` FOREIGN KEY (`itemstatus_id`) REFERENCES `itemstatus` (`id`) ON DELETE NO ACTION ON UPDATE NO ACTION,
  CONSTRAINT `fk_item_itemtype1` FOREIGN KEY (`itemtype_id`) REFERENCES `itemtype` (`id`) ON DELETE NO ACTION ON UPDATE NO ACTION,
  CONSTRAINT `fk_item_supplier1` FOREIGN KEY (`supplier_id`) REFERENCES `supplier` (`id`) ON DELETE NO ACTION ON UPDATE NO ACTION
) ENGINE=InnoDB AUTO_INCREMENT=22 DEFAULT CHARSET=latin1;

--
-- Dumping data for table `item`
--

/*!40000 ALTER TABLE `item` DISABLE KEYS */;
INSERT INTO `item` (`id`,`itemtype_id`,`brand_id`,`name`,`pprice`,`sprice`,`qty`,`rop`,`itemstatus_id`,`supplier_id`) VALUES 
 (1,1,1,'Champ','125000.00','226000.00',2,2,1,1),
 (3,3,1,'Back cover','12350.00','12600.00',199,5,1,3),
 (5,2,2,'Xperia6','145000.00','115000.00',60,0,1,1),
 (7,1,3,'iphone 5s','80000.00','90000.00',10,1,1,3),
 (9,1,5,'N70','75000.00','98000.00',20,1,1,2),
 (11,4,7,'Selfi Stick','1200.00','1500.00',10,1,1,3),
 (12,4,6,'Keyboard','100.00','200.00',56,1,1,1),
 (13,3,4,'32GB SD memory','450.00','700.00',48,5,1,2),
 (14,1,5,'N95','354000.00','452000.00',84,0,1,3),
 (15,1,5,'X6','20000.00','25000.00',9,2,1,2),
 (16,1,5,'3310','1500.00','2000.00',10,2,1,2),
 (17,1,1,'J1','20000.00','24000.00',93,2,1,1),
 (18,1,1,'J7','124000.00','197000.00',50,2,1,1),
 (19,1,5,'C6','15000.00','16500.00',10,2,1,2),
 (20,1,1,'Glaxy J7','30000.00','34000.00',25,5,1,1),
 (21,4,9,'Router','700.00','750.00',5,1,1,5);
/*!40000 ALTER TABLE `item` ENABLE KEYS */;


--
-- Definition of table `itemstatus`
--

DROP TABLE IF EXISTS `itemstatus`;
CREATE TABLE `itemstatus` (
  `id` int(11) NOT NULL AUTO_INCREMENT,
  `name` varchar(45) DEFAULT NULL,
  PRIMARY KEY (`id`)
) ENGINE=InnoDB AUTO_INCREMENT=4 DEFAULT CHARSET=latin1;

--
-- Dumping data for table `itemstatus`
--

/*!40000 ALTER TABLE `itemstatus` DISABLE KEYS */;
INSERT INTO `itemstatus` (`id`,`name`) VALUES 
 (1,'Available'),
 (2,'Not-Available'),
 (3,'Obsolete');
/*!40000 ALTER TABLE `itemstatus` ENABLE KEYS */;


--
-- Definition of table `itemtype`
--

DROP TABLE IF EXISTS `itemtype`;
CREATE TABLE `itemtype` (
  `id` int(11) NOT NULL AUTO_INCREMENT,
  `name` varchar(45) DEFAULT NULL,
  PRIMARY KEY (`id`)
) ENGINE=InnoDB AUTO_INCREMENT=5 DEFAULT CHARSET=latin1;

--
-- Dumping data for table `itemtype`
--

/*!40000 ALTER TABLE `itemtype` DISABLE KEYS */;
INSERT INTO `itemtype` (`id`,`name`) VALUES 
 (1,'Phone'),
 (2,'Tab'),
 (3,'Accessories'),
 (4,'PC Accessories');
/*!40000 ALTER TABLE `itemtype` ENABLE KEYS */;


--
-- Definition of table `module`
--

DROP TABLE IF EXISTS `module`;
CREATE TABLE `module` (
  `id` int(11) NOT NULL,
  `name` varchar(45) DEFAULT NULL,
  PRIMARY KEY (`id`)
) ENGINE=InnoDB DEFAULT CHARSET=latin1;

--
-- Dumping data for table `module`
--

/*!40000 ALTER TABLE `module` DISABLE KEYS */;
INSERT INTO `module` (`id`,`name`) VALUES 
 (1,'Employee'),
 (2,'User'),
 (3,'Privilage'),
 (4,'Designation'),
 (5,'Item'),
 (6,'Itemtype'),
 (7,'Brand'),
 (8,'Supplier'),
 (9,'Porder'),
 (10,'Grnote'),
 (11,'Invoice'),
 (12,'Repair');
/*!40000 ALTER TABLE `module` ENABLE KEYS */;


--
-- Definition of table `poitem`
--

DROP TABLE IF EXISTS `poitem`;
CREATE TABLE `poitem` (
  `id` int(11) NOT NULL AUTO_INCREMENT,
  `porder_id` int(11) NOT NULL,
  `item_id` int(11) NOT NULL,
  `qtyrequested` int(11) DEFAULT NULL,
  `qtyrecieved` int(11) DEFAULT NULL,
  `linetotal` decimal(9,2) DEFAULT NULL,
  `pPrice` decimal(9,2) DEFAULT NULL,
  PRIMARY KEY (`id`),
  KEY `fk_porder_has_item_item1_idx` (`item_id`),
  KEY `fk_porder_has_item_porder1_idx` (`porder_id`),
  CONSTRAINT `fk_porder_has_item_item1` FOREIGN KEY (`item_id`) REFERENCES `item` (`id`) ON DELETE NO ACTION ON UPDATE NO ACTION,
  CONSTRAINT `fk_porder_has_item_porder1` FOREIGN KEY (`porder_id`) REFERENCES `porder` (`id`) ON DELETE NO ACTION ON UPDATE NO ACTION
) ENGINE=InnoDB AUTO_INCREMENT=20 DEFAULT CHARSET=latin1;

--
-- Dumping data for table `poitem`
--

/*!40000 ALTER TABLE `poitem` DISABLE KEYS */;
INSERT INTO `poitem` (`id`,`porder_id`,`item_id`,`qtyrequested`,`qtyrecieved`,`linetotal`,`pPrice`) VALUES 
 (5,3,3,10,5,'12000.00','1200.00'),
 (6,3,12,6,6,'9000.00','1500.00'),
 (7,4,3,5,0,'1500.00','300.00'),
 (8,4,7,5,0,'325000.00','65000.00'),
 (10,5,7,10,10,'650000.00','65000.00'),
 (11,6,7,10,10,'650000.00','65000.00'),
 (12,7,7,10,10,'650000.00','65000.00'),
 (13,8,14,5,5,'250000.00','50000.00'),
 (17,10,20,8,11,'160000.00','20000.00'),
 (18,10,17,2,3,'196000.00','98000.00'),
 (19,11,20,4,4,'80000.00','20000.00');
/*!40000 ALTER TABLE `poitem` ENABLE KEYS */;


--
-- Definition of table `porder`
--

DROP TABLE IF EXISTS `porder`;
CREATE TABLE `porder` (
  `id` int(11) NOT NULL AUTO_INCREMENT,
  `no` varchar(10) DEFAULT NULL,
  `datetime` datetime DEFAULT NULL,
  `total` decimal(9,2) DEFAULT NULL,
  `user_employee_id` int(11) NOT NULL,
  `supplier_id` int(11) NOT NULL,
  `postatus_id` int(11) NOT NULL,
  PRIMARY KEY (`id`),
  KEY `fk_porder_user1_idx` (`user_employee_id`),
  KEY `fk_porder_supplier1_idx` (`supplier_id`),
  KEY `fk_porder_postatus1_idx` (`postatus_id`),
  CONSTRAINT `fk_porder_postatus1` FOREIGN KEY (`postatus_id`) REFERENCES `postatus` (`id`) ON DELETE NO ACTION ON UPDATE NO ACTION,
  CONSTRAINT `fk_porder_supplier1` FOREIGN KEY (`supplier_id`) REFERENCES `supplier` (`id`) ON DELETE NO ACTION ON UPDATE NO ACTION,
  CONSTRAINT `FK_porder_user1` FOREIGN KEY (`user_employee_id`) REFERENCES `user` (`id`)
) ENGINE=InnoDB AUTO_INCREMENT=12 DEFAULT CHARSET=latin1;

--
-- Dumping data for table `porder`
--

/*!40000 ALTER TABLE `porder` DISABLE KEYS */;
INSERT INTO `porder` (`id`,`no`,`datetime`,`total`,`user_employee_id`,`supplier_id`,`postatus_id`) VALUES 
 (3,'PUR00003','2016-08-20 22:26:15','21000.00',1,1,2),
 (4,'PUR00004','2016-08-20 22:28:01','326500.00',1,3,2),
 (5,'PUR00005','2016-08-28 19:06:53','650000.00',1,3,2),
 (6,'PUR00006','2016-08-28 19:59:07','650000.00',1,3,2),
 (7,'PUR00007','2016-08-28 20:08:50','650000.00',1,3,2),
 (8,'PUR00008','2016-08-28 20:34:30','250000.00',1,3,2),
 (10,'PUR00010','2016-10-22 09:50:50','356000.00',1,1,2),
 (11,'PUR00011','2016-10-24 23:20:37','80000.00',1,1,2);
/*!40000 ALTER TABLE `porder` ENABLE KEYS */;


--
-- Definition of table `postatus`
--

DROP TABLE IF EXISTS `postatus`;
CREATE TABLE `postatus` (
  `id` int(11) NOT NULL AUTO_INCREMENT,
  `name` varchar(45) DEFAULT NULL,
  PRIMARY KEY (`id`)
) ENGINE=InnoDB AUTO_INCREMENT=5 DEFAULT CHARSET=latin1;

--
-- Dumping data for table `postatus`
--

/*!40000 ALTER TABLE `postatus` DISABLE KEYS */;
INSERT INTO `postatus` (`id`,`name`) VALUES 
 (1,'Initial'),
 (2,'Approved'),
 (3,'Receiving'),
 (4,'Finished');
/*!40000 ALTER TABLE `postatus` ENABLE KEYS */;


--
-- Definition of table `privilage`
--

DROP TABLE IF EXISTS `privilage`;
CREATE TABLE `privilage` (
  `id` int(11) NOT NULL AUTO_INCREMENT,
  `role_id` int(11) NOT NULL,
  `module_id` int(11) NOT NULL,
  `ins` int(11) DEFAULT NULL,
  `sel` int(11) DEFAULT NULL,
  `upd` int(11) DEFAULT NULL,
  `del` int(11) DEFAULT NULL,
  PRIMARY KEY (`id`),
  KEY `fk_role_has_module_module1_idx` (`module_id`),
  KEY `fk_role_has_module_role1_idx` (`role_id`),
  CONSTRAINT `fk_role_has_module_module1` FOREIGN KEY (`module_id`) REFERENCES `module` (`id`) ON DELETE NO ACTION ON UPDATE NO ACTION,
  CONSTRAINT `fk_role_has_module_role1` FOREIGN KEY (`role_id`) REFERENCES `role` (`id`) ON DELETE NO ACTION ON UPDATE NO ACTION
) ENGINE=InnoDB AUTO_INCREMENT=22 DEFAULT CHARSET=latin1;

--
-- Dumping data for table `privilage`
--

/*!40000 ALTER TABLE `privilage` DISABLE KEYS */;
INSERT INTO `privilage` (`id`,`role_id`,`module_id`,`ins`,`sel`,`upd`,`del`) VALUES 
 (1,1,1,1,1,1,1),
 (2,1,2,1,1,1,1),
 (3,1,3,1,1,1,1),
 (4,1,4,1,1,1,1),
 (5,1,5,1,1,1,1),
 (6,1,6,1,1,1,1),
 (7,1,7,1,1,1,1),
 (8,2,1,0,1,0,0),
 (9,2,2,1,1,1,0),
 (10,2,3,1,1,1,0),
 (11,2,4,1,1,1,0),
 (12,2,5,1,1,1,0),
 (13,2,6,1,1,1,0),
 (14,2,7,1,1,1,0),
 (15,1,9,1,1,1,1),
 (16,2,9,1,0,1,1),
 (17,1,8,1,1,1,1),
 (18,2,8,1,0,1,1),
 (19,1,10,1,1,1,1),
 (21,2,10,1,1,1,0);
/*!40000 ALTER TABLE `privilage` ENABLE KEYS */;


--
-- Definition of table `repair`
--

DROP TABLE IF EXISTS `repair`;
CREATE TABLE `repair` (
  `id` int(11) NOT NULL AUTO_INCREMENT,
  `fault` varchar(45) NOT NULL,
  `itemsTaken` varchar(100) DEFAULT NULL,
  `tookDate` date DEFAULT NULL,
  `handedOverDate` date DEFAULT NULL,
  `price` decimal(7,2) DEFAULT NULL,
  `user_id` int(11) NOT NULL,
  `repairStatus_id` int(11) NOT NULL,
  `jobno` varchar(45) DEFAULT NULL,
  `customer` varchar(45) DEFAULT NULL,
  `contactno` char(10) DEFAULT NULL,
  `item` varchar(45) DEFAULT NULL,
  `imeino` char(20) DEFAULT NULL,
  `agreeddate` date DEFAULT NULL,
  `actualcost` decimal(7,2) DEFAULT NULL,
  PRIMARY KEY (`id`),
  KEY `fk_repair_user1_idx` (`user_id`),
  KEY `fk_repair_repairStatus1_idx` (`repairStatus_id`),
  CONSTRAINT `fk_repair_repairStatus1` FOREIGN KEY (`repairStatus_id`) REFERENCES `repairstatus` (`id`) ON DELETE NO ACTION ON UPDATE NO ACTION,
  CONSTRAINT `fk_repair_user1` FOREIGN KEY (`user_id`) REFERENCES `user` (`id`) ON DELETE NO ACTION ON UPDATE NO ACTION
) ENGINE=InnoDB AUTO_INCREMENT=2 DEFAULT CHARSET=latin1;

--
-- Dumping data for table `repair`
--

/*!40000 ALTER TABLE `repair` DISABLE KEYS */;
INSERT INTO `repair` (`id`,`fault`,`itemsTaken`,`tookDate`,`handedOverDate`,`price`,`user_id`,`repairStatus_id`,`jobno`,`customer`,`contactno`,`item`,`imeino`,`agreeddate`,`actualcost`) VALUES 
 (1,'Sound Not Work','No','2016-12-17','2016-12-21','0.00',1,1,'1000000001','Nihal','0774317456','Samsung J1','123456789012345','2016-12-21','0.00');
/*!40000 ALTER TABLE `repair` ENABLE KEYS */;


--
-- Definition of table `repairitem`
--

DROP TABLE IF EXISTS `repairitem`;
CREATE TABLE `repairitem` (
  `id` int(11) NOT NULL AUTO_INCREMENT,
  `repair_id` int(11) NOT NULL,
  `item_id` int(11) NOT NULL,
  PRIMARY KEY (`id`),
  KEY `fk_repair_has_item_item1_idx` (`item_id`),
  KEY `fk_repair_has_item_repair1_idx` (`repair_id`),
  CONSTRAINT `fk_repair_has_item_item1` FOREIGN KEY (`item_id`) REFERENCES `item` (`id`) ON DELETE NO ACTION ON UPDATE NO ACTION,
  CONSTRAINT `fk_repair_has_item_repair1` FOREIGN KEY (`repair_id`) REFERENCES `repair` (`id`) ON DELETE NO ACTION ON UPDATE NO ACTION
) ENGINE=InnoDB DEFAULT CHARSET=latin1;

--
-- Dumping data for table `repairitem`
--

/*!40000 ALTER TABLE `repairitem` DISABLE KEYS */;
/*!40000 ALTER TABLE `repairitem` ENABLE KEYS */;


--
-- Definition of table `repairstatus`
--

DROP TABLE IF EXISTS `repairstatus`;
CREATE TABLE `repairstatus` (
  `id` int(11) NOT NULL AUTO_INCREMENT,
  `name` varchar(45) DEFAULT NULL,
  PRIMARY KEY (`id`)
) ENGINE=InnoDB AUTO_INCREMENT=4 DEFAULT CHARSET=latin1;

--
-- Dumping data for table `repairstatus`
--

/*!40000 ALTER TABLE `repairstatus` DISABLE KEYS */;
INSERT INTO `repairstatus` (`id`,`name`) VALUES 
 (1,'On Process'),
 (2,'Repaired'),
 (3,'Can’t Repair');
/*!40000 ALTER TABLE `repairstatus` ENABLE KEYS */;


--
-- Definition of table `role`
--

DROP TABLE IF EXISTS `role`;
CREATE TABLE `role` (
  `id` int(11) NOT NULL,
  `name` varchar(45) DEFAULT NULL,
  PRIMARY KEY (`id`)
) ENGINE=InnoDB DEFAULT CHARSET=latin1;

--
-- Dumping data for table `role`
--

/*!40000 ALTER TABLE `role` DISABLE KEYS */;
INSERT INTO `role` (`id`,`name`) VALUES 
 (1,'Manager'),
 (2,'Supervicer'),
 (3,'Salesperson'),
 (4,'Repair Technician');
/*!40000 ALTER TABLE `role` ENABLE KEYS */;


--
-- Definition of table `supplier`
--

DROP TABLE IF EXISTS `supplier`;
CREATE TABLE `supplier` (
  `id` int(11) NOT NULL AUTO_INCREMENT,
  `company` varchar(100) DEFAULT NULL,
  `contactperson` varchar(100) DEFAULT NULL,
  `address` text,
  `landphone` char(10) DEFAULT NULL,
  `mobilephone` char(10) DEFAULT NULL,
  `email` varchar(100) DEFAULT NULL,
  PRIMARY KEY (`id`)
) ENGINE=InnoDB AUTO_INCREMENT=6 DEFAULT CHARSET=latin1;

--
-- Dumping data for table `supplier`
--

/*!40000 ALTER TABLE `supplier` DISABLE KEYS */;
INSERT INTO `supplier` (`id`,`company`,`contactperson`,`address`,`landphone`,`mobilephone`,`email`) VALUES 
 (1,'Siva Computers','Siva Silva','100, 1st Cross Sterrt, Colombo 10','0112546874','0714525852','siva@gmail.com'),
 (2,'Softlogic','Mr. Prasanna','No: 8, Baseline Road, Kirulapona','0112546585','0754612547','prasanna@softlogic.lk'),
 (3,'Backlayers','Nisham','121, Libert Plaza, Colombo 4','0112545637','0725478962','nisham@back.lk'),
 (5,'Earth.lk','Sidath',NULL,'0112559654','0774568977',NULL);
/*!40000 ALTER TABLE `supplier` ENABLE KEYS */;


--
-- Definition of table `supplybrand`
--

DROP TABLE IF EXISTS `supplybrand`;
CREATE TABLE `supplybrand` (
  `supplier_id` int(11) NOT NULL,
  `brand_id` int(11) NOT NULL,
  PRIMARY KEY (`supplier_id`,`brand_id`),
  KEY `fk_supplier_has_brand_brand1_idx` (`brand_id`),
  KEY `fk_supplier_has_brand_supplier1_idx` (`supplier_id`),
  CONSTRAINT `fk_supplier_has_brand_brand1` FOREIGN KEY (`brand_id`) REFERENCES `brand` (`id`) ON DELETE NO ACTION ON UPDATE NO ACTION,
  CONSTRAINT `fk_supplier_has_brand_supplier1` FOREIGN KEY (`supplier_id`) REFERENCES `supplier` (`id`) ON DELETE NO ACTION ON UPDATE NO ACTION
) ENGINE=InnoDB DEFAULT CHARSET=latin1;

--
-- Dumping data for table `supplybrand`
--

/*!40000 ALTER TABLE `supplybrand` DISABLE KEYS */;
/*!40000 ALTER TABLE `supplybrand` ENABLE KEYS */;


--
-- Definition of table `user`
--

DROP TABLE IF EXISTS `user`;
CREATE TABLE `user` (
  `id` int(11) NOT NULL AUTO_INCREMENT,
  `name` varchar(45) DEFAULT NULL,
  `password` varchar(45) DEFAULT NULL,
  `employee_id` int(11) NOT NULL,
  `userstatus_id` int(11) NOT NULL,
  PRIMARY KEY (`id`),
  KEY `fk_user_employee1_idx` (`employee_id`),
  KEY `FK_cbgkreorksy7hmogcfpdhooqu` (`userstatus_id`),
  CONSTRAINT `FK_cbgkreorksy7hmogcfpdhooqu` FOREIGN KEY (`userstatus_id`) REFERENCES `userstatus` (`id`),
  CONSTRAINT `fk_user_employee1` FOREIGN KEY (`employee_id`) REFERENCES `employee` (`id`) ON DELETE NO ACTION ON UPDATE NO ACTION
) ENGINE=InnoDB AUTO_INCREMENT=4 DEFAULT CHARSET=latin1;

--
-- Dumping data for table `user`
--

/*!40000 ALTER TABLE `user` DISABLE KEYS */;
INSERT INTO `user` (`id`,`name`,`password`,`employee_id`,`userstatus_id`) VALUES 
 (1,'admin','8cb2237d0679ca88db6464eac60da96345513964',1,1),
 (2,'Inshaf','7c4a8d09ca3762af61e59520943dc26494f8941b',2,1),
 (3,'Asura','a23bfec79e1fa9ffde693ceea65a83bf8f475c6d',3,1);
/*!40000 ALTER TABLE `user` ENABLE KEYS */;


--
-- Definition of table `userrole`
--

DROP TABLE IF EXISTS `userrole`;
CREATE TABLE `userrole` (
  `role_id` int(11) NOT NULL,
  `user_id` int(11) NOT NULL,
  PRIMARY KEY (`role_id`,`user_id`),
  KEY `fk_role_has_user_user1_idx` (`user_id`),
  KEY `fk_role_has_user_role1_idx` (`role_id`),
  CONSTRAINT `fk_role_has_user_role1` FOREIGN KEY (`role_id`) REFERENCES `role` (`id`) ON DELETE NO ACTION ON UPDATE NO ACTION,
  CONSTRAINT `fk_role_has_user_user1` FOREIGN KEY (`user_id`) REFERENCES `user` (`id`) ON DELETE NO ACTION ON UPDATE NO ACTION
) ENGINE=InnoDB DEFAULT CHARSET=latin1;

--
-- Dumping data for table `userrole`
--

/*!40000 ALTER TABLE `userrole` DISABLE KEYS */;
INSERT INTO `userrole` (`role_id`,`user_id`) VALUES 
 (1,1),
 (2,1),
 (2,2),
 (2,3);
/*!40000 ALTER TABLE `userrole` ENABLE KEYS */;


--
-- Definition of table `userstatus`
--

DROP TABLE IF EXISTS `userstatus`;
CREATE TABLE `userstatus` (
  `id` int(11) NOT NULL AUTO_INCREMENT,
  `name` varchar(45) DEFAULT NULL,
  PRIMARY KEY (`id`)
) ENGINE=InnoDB AUTO_INCREMENT=4 DEFAULT CHARSET=latin1;

--
-- Dumping data for table `userstatus`
--

/*!40000 ALTER TABLE `userstatus` DISABLE KEYS */;
INSERT INTO `userstatus` (`id`,`name`) VALUES 
 (1,'Initializing'),
 (2,'Suspend'),
 (3,'Pending');
/*!40000 ALTER TABLE `userstatus` ENABLE KEYS */;


--
-- Definition of table `warrenty`
--

DROP TABLE IF EXISTS `warrenty`;
CREATE TABLE `warrenty` (
  `id` int(11) NOT NULL AUTO_INCREMENT,
  `name` varchar(45) DEFAULT NULL,
  PRIMARY KEY (`id`)
) ENGINE=InnoDB AUTO_INCREMENT=10 DEFAULT CHARSET=latin1;

--
-- Dumping data for table `warrenty`
--

/*!40000 ALTER TABLE `warrenty` DISABLE KEYS */;
INSERT INTO `warrenty` (`id`,`name`) VALUES 
 (1,'No Warrenty'),
 (2,'1 Month'),
 (3,'3 Month'),
 (4,'6 Month'),
 (5,'1 Year'),
 (6,'1 1/2 Year'),
 (7,'2 Years'),
 (8,'2 1/2 Years'),
 (9,'3 Years');
/*!40000 ALTER TABLE `warrenty` ENABLE KEYS */;




/*!40101 SET SQL_MODE=@OLD_SQL_MODE */;
/*!40014 SET FOREIGN_KEY_CHECKS=@OLD_FOREIGN_KEY_CHECKS */;
/*!40014 SET UNIQUE_CHECKS=@OLD_UNIQUE_CHECKS */;
/*!40101 SET CHARACTER_SET_CLIENT=@OLD_CHARACTER_SET_CLIENT */;
/*!40101 SET CHARACTER_SET_RESULTS=@OLD_CHARACTER_SET_RESULTS */;
/*!40101 SET COLLATION_CONNECTION=@OLD_COLLATION_CONNECTION */;
/*!40101 SET CHARACTER_SET_CLIENT=@OLD_CHARACTER_SET_CLIENT */;
